{
  "id": "4305932",
  "name": "高先华组件--移动端",
  "font_family": "iconfont",
  "css_prefix_text": "hy-icon-",
  "description": "",
  "glyphs": [
    {
      "icon_id": "7008918",
      "name": "关闭-fill",
      "font_class": "close-circle-fill",
      "unicode": "e6f2",
      "unicode_decimal": 59122
    },
    {
      "icon_id": "7008933",
      "name": "帮助_fill",
      "font_class": "help-fill",
      "unicode": "e6fa",
      "unicode_decimal": 59130
    },
    {
      "icon_id": "7008965",
      "name": "消息",
      "font_class": "message",
      "unicode": "e70c",
      "unicode_decimal": 59148
    },
    {
      "icon_id": "7008966",
      "name": "消息-fill",
      "font_class": "message-fill",
      "unicode": "e70d",
      "unicode_decimal": 59149
    },
    {
      "icon_id": "7008988",
      "name": "提示-fill",
      "font_class": "notice-fill",
      "unicode": "e71b",
      "unicode_decimal": 59163
    },
    {
      "icon_id": "7009002",
      "name": "发送",
      "font_class": "send",
      "unicode": "e726",
      "unicode_decimal": 59174
    },
    {
      "icon_id": "7009007",
      "name": "分享-fill",
      "font_class": "share-fill",
      "unicode": "e729",
      "unicode_decimal": 59177
    },
    {
      "icon_id": "7009008",
      "name": "分享",
      "font_class": "share",
      "unicode": "e72a",
      "unicode_decimal": 59178
    },
    {
      "icon_id": "7009015",
      "name": "成功_fill",
      "font_class": "success-fill",
      "unicode": "e72d",
      "unicode_decimal": 59181
    },
    {
      "icon_id": "7009019",
      "name": "通知",
      "font_class": "systemprompt_fill",
      "unicode": "e72f",
      "unicode_decimal": 59183
    },
    {
      "icon_id": "7009031",
      "name": "删除",
      "font_class": "delete",
      "unicode": "e738",
      "unicode_decimal": 59192
    },
    {
      "icon_id": "7009032",
      "name": "删除_fill",
      "font_class": "delete-fill",
      "unicode": "e739",
      "unicode_decimal": 59193
    },
    {
      "icon_id": "7009038",
      "name": "提示-实心",
      "font_class": "warning-fill",
      "unicode": "e73d",
      "unicode_decimal": 59197
    },
    {
      "icon_id": "7009042",
      "name": "搜索",
      "font_class": "search",
      "unicode": "e741",
      "unicode_decimal": 59201
    },
    {
      "icon_id": "7197321",
      "name": "加载中",
      "font_class": "loading",
      "unicode": "e64a",
      "unicode_decimal": 58954
    },
    {
      "icon_id": "577335",
      "name": "订单",
      "font_class": "order",
      "unicode": "e737",
      "unicode_decimal": 59191
    },
    {
      "icon_id": "658013",
      "name": "复制",
      "font_class": "copy",
      "unicode": "e656",
      "unicode_decimal": 58966
    },
    {
      "icon_id": "648791",
      "name": "星_实",
      "font_class": "collect-fill",
      "unicode": "e631",
      "unicode_decimal": 58929
    },
    {
      "icon_id": "648792",
      "name": "星_虚",
      "font_class": "collect",
      "unicode": "e632",
      "unicode_decimal": 58930
    },
    {
      "icon_id": "649365",
      "name": "日历",
      "font_class": "calendar",
      "unicode": "e645",
      "unicode_decimal": 58949
    },
    {
      "icon_id": "15838432",
      "name": "眼睛",
      "font_class": "eye",
      "unicode": "e666",
      "unicode_decimal": 58982
    },
    {
      "icon_id": "15838433",
      "name": "下载",
      "font_class": "download",
      "unicode": "e667",
      "unicode_decimal": 58983
    },
    {
      "icon_id": "15838436",
      "name": "arrow-double-left",
      "font_class": "arrow-double-left",
      "unicode": "e665",
      "unicode_decimal": 58981
    },
    {
      "icon_id": "15838438",
      "name": "arrow-double-right",
      "font_class": "arrow-double-right",
      "unicode": "e668",
      "unicode_decimal": 58984
    },
    {
      "icon_id": "15838440",
      "name": "相机",
      "font_class": "camera",
      "unicode": "e669",
      "unicode_decimal": 58985
    },
    {
      "icon_id": "15838442",
      "name": "附件",
      "font_class": "attachment",
      "unicode": "e66a",
      "unicode_decimal": 58986
    },
    {
      "icon_id": "15838447",
      "name": "信息",
      "font_class": "comment",
      "unicode": "e66b",
      "unicode_decimal": 58987
    },
    {
      "icon_id": "15838453",
      "name": "客服",
      "font_class": "customer-service",
      "unicode": "e66c",
      "unicode_decimal": 58988
    },
    {
      "icon_id": "15838467",
      "name": "三点",
      "font_class": "ellipsis",
      "unicode": "e66e",
      "unicode_decimal": 58990
    },
    {
      "icon_id": "15838468",
      "name": "导出",
      "font_class": "export",
      "unicode": "e66f",
      "unicode_decimal": 58991
    },
    {
      "icon_id": "15838493",
      "name": "链接",
      "font_class": "link",
      "unicode": "e676",
      "unicode_decimal": 58998
    },
    {
      "icon_id": "15838496",
      "name": "layers",
      "font_class": "layers",
      "unicode": "e675",
      "unicode_decimal": 58997
    },
    {
      "icon_id": "15838512",
      "name": "打印",
      "font_class": "print",
      "unicode": "e67a",
      "unicode_decimal": 59002
    },
    {
      "icon_id": "15838515",
      "name": "导航",
      "font_class": "navigation",
      "unicode": "e67b",
      "unicode_decimal": 59003
    },
    {
      "icon_id": "15838516",
      "name": "pdf",
      "font_class": "pdf",
      "unicode": "e67c",
      "unicode_decimal": 59004
    },
    {
      "icon_id": "15838521",
      "name": "图片",
      "font_class": "picture",
      "unicode": "e67e",
      "unicode_decimal": 59006
    },
    {
      "icon_id": "15838524",
      "name": "保存",
      "font_class": "save",
      "unicode": "e67f",
      "unicode_decimal": 59007
    },
    {
      "icon_id": "15838527",
      "name": "scan",
      "font_class": "scan",
      "unicode": "e680",
      "unicode_decimal": 59008
    },
    {
      "icon_id": "15838528",
      "name": "安全",
      "font_class": "security",
      "unicode": "e681",
      "unicode_decimal": 59009
    },
    {
      "icon_id": "15838532",
      "name": "成功",
      "font_class": "success",
      "unicode": "e682",
      "unicode_decimal": 59010
    },
    {
      "icon_id": "15838533",
      "name": "smile",
      "font_class": "smile",
      "unicode": "e683",
      "unicode_decimal": 59011
    },
    {
      "icon_id": "15838534",
      "name": "转换",
      "font_class": "switch",
      "unicode": "e684",
      "unicode_decimal": 59012
    },
    {
      "icon_id": "15838548",
      "name": "上传",
      "font_class": "upload",
      "unicode": "e685",
      "unicode_decimal": 59013
    },
    {
      "icon_id": "15838551",
      "name": "提示",
      "font_class": "warning",
      "unicode": "e687",
      "unicode_decimal": 59015
    },
    {
      "icon_id": "15838581",
      "name": "arrow-up-fill",
      "font_class": "arrow-up-fill",
      "unicode": "e688",
      "unicode_decimal": 59016
    },
    {
      "icon_id": "15838582",
      "name": "arrow-down-fill",
      "font_class": "arrow-down-fill",
      "unicode": "e689",
      "unicode_decimal": 59017
    },
    {
      "icon_id": "15838583",
      "name": "arrow-left-fill",
      "font_class": "arrow-left-fill",
      "unicode": "e68a",
      "unicode_decimal": 59018
    },
    {
      "icon_id": "15838584",
      "name": "arrow-right-fill",
      "font_class": "arrow-right-fill",
      "unicode": "e68b",
      "unicode_decimal": 59019
    },
    {
      "icon_id": "15838602",
      "name": "微笑-实心",
      "font_class": "smile-fill",
      "unicode": "e68c",
      "unicode_decimal": 59020
    },
    {
      "icon_id": "15838617",
      "name": "难过-实心",
      "font_class": "cry-fill",
      "unicode": "e68d",
      "unicode_decimal": 59021
    },
    {
      "icon_id": "15838565",
      "name": "减",
      "font_class": "minus",
      "unicode": "e686",
      "unicode_decimal": 59014
    },
    {
      "icon_id": "12911812",
      "name": "勾选",
      "font_class": "check-mask",
      "unicode": "e602",
      "unicode_decimal": 58882
    },
    {
      "icon_id": "4942640",
      "name": "关闭",
      "font_class": "close",
      "unicode": "e611",
      "unicode_decimal": 58897
    },
    {
      "icon_id": "11372676",
      "name": "密码",
      "font_class": "lock",
      "unicode": "e8b2",
      "unicode_decimal": 59570
    },
    {
      "icon_id": "11372774",
      "name": "首页",
      "font_class": "home-fill",
      "unicode": "e8c6",
      "unicode_decimal": 59590
    },
    {
      "icon_id": "19949534",
      "name": "我的",
      "font_class": "mine",
      "unicode": "e60b",
      "unicode_decimal": 58891
    },
    {
      "icon_id": "1301",
      "name": "应用",
      "font_class": "class-fill",
      "unicode": "e600",
      "unicode_decimal": 58880
    },
    {
      "icon_id": "162882",
      "name": "设置",
      "font_class": "setting",
      "unicode": "e601",
      "unicode_decimal": 58881
    },
    {
      "icon_id": "393406",
      "name": "我",
      "font_class": "mine-fill",
      "unicode": "e608",
      "unicode_decimal": 58888
    },
    {
      "icon_id": "577340",
      "name": "购物车-选中",
      "font_class": "shopping-cart-fill",
      "unicode": "e73c",
      "unicode_decimal": 59196
    },
    {
      "icon_id": "577364",
      "name": "首页",
      "font_class": "home",
      "unicode": "e751",
      "unicode_decimal": 59217
    },
    {
      "icon_id": "624555",
      "name": "购物车添加",
      "font_class": "shopping-cart-add",
      "unicode": "e640",
      "unicode_decimal": 58944
    },
    {
      "icon_id": "629340",
      "name": "收货地址",
      "font_class": "map",
      "unicode": "e64e",
      "unicode_decimal": 58958
    },
    {
      "icon_id": "1244550",
      "name": "分类",
      "font_class": "class",
      "unicode": "e638",
      "unicode_decimal": 58936
    },
    {
      "icon_id": "1304877",
      "name": "右",
      "font_class": "right",
      "unicode": "e620",
      "unicode_decimal": 58912
    },
    {
      "icon_id": "1304878",
      "name": "关闭",
      "font_class": "close-circle",
      "unicode": "e621",
      "unicode_decimal": 58913
    },
    {
      "icon_id": "1304879",
      "name": "帮助",
      "font_class": "help",
      "unicode": "e622",
      "unicode_decimal": 58914
    },
    {
      "icon_id": "1304883",
      "name": "筛选",
      "font_class": "screen",
      "unicode": "e623",
      "unicode_decimal": 58915
    },
    {
      "icon_id": "1304888",
      "name": "提醒",
      "font_class": "remind",
      "unicode": "e625",
      "unicode_decimal": 58917
    },
    {
      "icon_id": "1304889",
      "name": "添加",
      "font_class": "plus",
      "unicode": "e626",
      "unicode_decimal": 58918
    },
    {
      "icon_id": "1304892",
      "name": "右箭头",
      "font_class": "arrow-rightward",
      "unicode": "e628",
      "unicode_decimal": 58920
    },
    {
      "icon_id": "1304897",
      "name": "左箭头",
      "font_class": "arrow-leftward",
      "unicode": "e629",
      "unicode_decimal": 58921
    },
    {
      "icon_id": "1304898",
      "name": "注意",
      "font_class": "notice",
      "unicode": "e62a",
      "unicode_decimal": 58922
    },
    {
      "icon_id": "1304947",
      "name": "菜单",
      "font_class": "menu",
      "unicode": "e62e",
      "unicode_decimal": 58926
    },
    {
      "icon_id": "1304951",
      "name": "列表",
      "font_class": "list-dot",
      "unicode": "e62f",
      "unicode_decimal": 58927
    },
    {
      "icon_id": "1305047",
      "name": "网络",
      "font_class": "network",
      "unicode": "e630",
      "unicode_decimal": 58928
    },
    {
      "icon_id": "1305122",
      "name": "时间",
      "font_class": "time",
      "unicode": "e639",
      "unicode_decimal": 58937
    },
    {
      "icon_id": "1305401",
      "name": "历史",
      "font_class": "history",
      "unicode": "e63b",
      "unicode_decimal": 58939
    },
    {
      "icon_id": "1305406",
      "name": "上",
      "font_class": "up",
      "unicode": "e63c",
      "unicode_decimal": 58940
    },
    {
      "icon_id": "1305407",
      "name": "下",
      "font_class": "down",
      "unicode": "e63d",
      "unicode_decimal": 58941
    },
    {
      "icon_id": "1305408",
      "name": "左",
      "font_class": "left",
      "unicode": "e63e",
      "unicode_decimal": 58942
    },
    {
      "icon_id": "1305451",
      "name": "标签",
      "font_class": "tag",
      "unicode": "e63f",
      "unicode_decimal": 58943
    },
    {
      "icon_id": "1305472",
      "name": "任务",
      "font_class": "task",
      "unicode": "e641",
      "unicode_decimal": 58945
    },
    {
      "icon_id": "1305479",
      "name": "刷新",
      "font_class": "refresh",
      "unicode": "e642",
      "unicode_decimal": 58946
    },
    {
      "icon_id": "2076288",
      "name": "购物车",
      "font_class": "shopping-cart",
      "unicode": "e899",
      "unicode_decimal": 59545
    },
    {
      "icon_id": "4449448",
      "name": "购物袋",
      "font_class": "shopping-bag",
      "unicode": "e65a",
      "unicode_decimal": 58970
    },
    {
      "icon_id": "5353505",
      "name": "导航地址",
      "font_class": "map-fill",
      "unicode": "e65e",
      "unicode_decimal": 58974
    },
    {
      "icon_id": "6446243",
      "name": "密码（开）",
      "font_class": "lock-open-fill",
      "unicode": "e63a",
      "unicode_decimal": 58938
    },
    {
      "icon_id": "6446244",
      "name": "密码（关）",
      "font_class": "lock-fill",
      "unicode": "e643",
      "unicode_decimal": 58947
    },
    {
      "icon_id": "9748085",
      "name": "商城",
      "font_class": "shop",
      "unicode": "e644",
      "unicode_decimal": 58948
    },
    {
      "icon_id": "11372640",
      "name": "编辑",
      "font_class": "edit",
      "unicode": "e8ac",
      "unicode_decimal": 59564
    }
  ]
}
